,red_block_m,green_block_m,blue_block_m
red_block_m,0.3333333333,0.3333333333,0.3333333333
green_block_m,0.3333333333,0.3333333333,0.3333333333
blue_block_m,0.3333333333,0.3333333333,0.3333333333
